Original_Contig_Name	contigLen	Sample_Depth	Depth
AB_03_scaffold_0	98402	AB_3033	0.40949800000000003
AB_1215_scaffold_0	219188	AB_3033	2.5270200000000003
AB_3033_scaffold_0	609513	AB_3033	27.471
AB_69_scaffold_0	263371	AB_3033	0.417896
Meg19_02_scaffold_0	130674	AB_3033	0.21900999999999998
Meg19_1012_scaffold_0	740627	AB_3033	0.38264000000000004
Meg19_46_scaffold_0	155405	AB_3033	0.288165
Meg22_02_scaffold_0	204255	AB_3033	0.48426099999999994
Meg22_1012_scaffold_0	306137	AB_3033	0.555922
Meg22_1214_scaffold_0	527408	AB_3033	0.735228
Meg22_1416_scaffold_0	212799	AB_3033	0.270516
Meg22_1618_scaffold_0	401139	AB_3033	0.528211
Meg22_24_scaffold_0	390659	AB_3033	1.16431
Meg22_46_scaffold_0	420654	AB_3033	0.319716
Meg22_810_scaffold_0	552694	AB_3033	2.6261400000000004
WB1_scaffold_0	344315	AB_3033	1.61199
AB_03_scaffold_1	171056	AB_3033	0.33182
AB_1215_scaffold_1	203294	AB_3033	1.06265
AB_3033_scaffold_1	446633	AB_3033	27.4103
AB_69_scaffold_1	251616	AB_3033	4.56803
Meg19_02_scaffold_1	127580	AB_3033	0.243718
Meg19_1012_scaffold_1	579717	AB_3033	0.644457
Meg19_46_scaffold_1	153332	AB_3033	0.387252
Meg22_02_scaffold_1	180633	AB_3033	0.57109
Meg22_1012_scaffold_1	291106	AB_3033	0.650373
Meg22_1214_scaffold_1	338991	AB_3033	0.273721
Meg22_1416_scaffold_1	203294	AB_3033	0.9005780000000001
Meg22_1618_scaffold_1	321168	AB_3033	3.10888
Meg22_24_scaffold_1	242232	AB_3033	0.516763
Meg22_46_scaffold_1	283201	AB_3033	0.6892010000000001
Meg22_810_scaffold_1	711414	AB_3033	0.434463
WB1_scaffold_1	402571	AB_3033	0.577959
AB_03_scaffold_10	80469	AB_3033	0.390356
AB_1215_scaffold_10	119163	AB_3033	0.626612
AB_3033_scaffold_10	223906	AB_3033	63.8383
AB_69_scaffold_10	141909	AB_3033	0.8267909999999999
Meg19_02_scaffold_10	86718	AB_3033	0.301093
Meg19_1012_scaffold_10	216678	AB_3033	0.6300520000000001
Meg19_46_scaffold_10	118968	AB_3033	0.25457399999999997
Meg22_02_scaffold_10	100071	AB_3033	0.689224
Meg22_1012_scaffold_10	190426	AB_3033	0.828349
Meg22_1214_scaffold_10	250848	AB_3033	0.232918
Meg22_1416_scaffold_10	135221	AB_3033	5.0256099999999995
Meg22_1618_scaffold_10	202426	AB_3033	0.784532
Meg22_24_scaffold_10	131258	AB_3033	0.633287
Meg22_46_scaffold_10	167116	AB_3033	1.87017
Meg22_810_scaffold_10	226225	AB_3033	0.22094
WB1_scaffold_10	189441	AB_3033	0.788849
AB_03_scaffold_100	47535	AB_3033	0.26968400000000003
AB_1215_scaffold_100	54468	AB_3033	0.209875
AB_3033_scaffold_100	121119	AB_3033	16.5383
AB_69_scaffold_100	113771	AB_3033	0.524894
Meg19_02_scaffold_100	62163	AB_3033	0.371664
Meg19_1012_scaffold_100	143184	AB_3033	0.585875
Meg19_46_scaffold_100	106907	AB_3033	0.28960199999999997
Meg22_02_scaffold_100	60634	AB_3033	1.29803
Meg22_1012_scaffold_100	123443	AB_3033	0.23680199999999998
Meg22_1214_scaffold_100	130278	AB_3033	0.356779
Meg22_1416_scaffold_100	74731	AB_3033	34.8202
Meg22_1618_scaffold_100	105866	AB_3033	0.342048
Meg22_24_scaffold_100	61858	AB_3033	0.4279020000000001
Meg22_46_scaffold_100	79036	AB_3033	0.548589
Meg22_810_scaffold_100	118825	AB_3033	0.49049899999999996
WB1_scaffold_100	96095	AB_3033	0.49978599999999995
AB_03_scaffold_1000	22611	AB_3033	0.37340300000000004
AB_1215_scaffold_1000	28016	AB_3033	0.28917
AB_3033_scaffold_1000	54903	AB_3033	53.9654
AB_69_scaffold_1000	31935	AB_3033	0.363977
Meg19_02_scaffold_1000	41352	AB_3033	0.22190700000000002
Meg19_1012_scaffold_1000	46664	AB_3033	0.36092399999999997
Meg19_46_scaffold_1000	31760	AB_3033	0.180386
Meg22_02_scaffold_1000	25640	AB_3033	2035.21
Meg22_1012_scaffold_1000	59231	AB_3033	0.461214
Meg22_1214_scaffold_1000	75120	AB_3033	0.456009
Meg22_1416_scaffold_1000	32692	AB_3033	48.2317
Meg22_1618_scaffold_1000	38587	AB_3033	0.415329
Meg22_24_scaffold_1000	25424	AB_3033	0.463045
Meg22_46_scaffold_1000	42560	AB_3033	0.348833
Meg22_810_scaffold_1000	104327	AB_3033	0.281329
WB1_scaffold_1000	39548	AB_3033	2.39606
AB_03_scaffold_10000	9155	AB_3033	0.16935
AB_1215_scaffold_10000	7957	AB_3033	0.724222
AB_3033_scaffold_10000	24068	AB_3033	141.452
AB_69_scaffold_10000	10788	AB_3033	0.29798800000000003
Meg19_02_scaffold_10000	10858	AB_3033	0.421461
Meg19_1012_scaffold_10000	28240	AB_3033	5.79416
Meg19_46_scaffold_10000	10971	AB_3033	0.264948
Meg22_02_scaffold_10000	19778	AB_3033	0.24077800000000002
Meg22_1012_scaffold_10000	16606	AB_3033	0.604278
Meg22_1214_scaffold_10000	18154	AB_3033	0.6132529999999999
Meg22_1416_scaffold_10000	12096	AB_3033	0.153943
Meg22_1618_scaffold_10000	10286	AB_3033	0.359412
Meg22_24_scaffold_10000	9719	AB_3033	0.538719
Meg22_46_scaffold_10000	20204	AB_3033	0.9471930000000001
Meg22_810_scaffold_10000	16584	AB_3033	0.315078
WB1_scaffold_10000	13716	AB_3033	0.9047620000000001
AB_03_scaffold_100000	2873	AB_3033	0.390378
AB_1215_scaffold_100000	2338	AB_3033	0.5063989999999999
AB_3033_scaffold_100000	2194	AB_3033	6.779839999999999
AB_69_scaffold_100000	3074	AB_3033	0.0666895
Meg19_02_scaffold_100000	3581	AB_3033	0.261148
Meg19_1012_scaffold_100000	4280	AB_3033	5.21404
Meg19_46_scaffold_100000	3398	AB_3033	0.234298
Meg22_02_scaffold_100000	3503	AB_3033	0.0999105
Meg22_1012_scaffold_100000	3361	AB_3033	0.66677
Meg22_1214_scaffold_100000	3824	AB_3033	0.139085
Meg22_1416_scaffold_100000	4130	AB_3033	0.40804
Meg22_1618_scaffold_106544	3136	AB_3033	0.8345610000000001
Meg22_24_scaffold_100000	3458	AB_3033	0.18591300000000002
Meg22_46_scaffold_100000	4338	AB_3033	0.223496
Meg22_810_scaffold_100000	3638	AB_3033	2.03555
WB1_scaffold_106544	3331	AB_3033	0.45048699999999997
AB_03_scaffold_100001	3389	AB_3033	0.412782
AB_1215_scaffold_100001	3515	AB_3033	0.375037
AB_3033_scaffold_100001	2194	AB_3033	7.5122300000000015
AB_69_scaffold_100001	3074	AB_3033	0.831053
Meg19_02_scaffold_100001	3234	AB_3033	0.113489
Meg19_1012_scaffold_100001	4280	AB_3033	0.333414
Meg19_46_scaffold_100001	3398	AB_3033	0.716749
Meg22_02_scaffold_100001	3316	AB_3033	0.202464
Meg22_1012_scaffold_100001	3361	AB_3033	0.09467460000000001
Meg22_1214_scaffold_100001	3824	AB_3033	0.186717
Meg22_1416_scaffold_100001	3080	AB_3033	0.18942
Meg22_1618_scaffold_106563	3982	AB_3033	0.588727
Meg22_24_scaffold_100001	3458	AB_3033	0.43621499999999996
Meg22_46_scaffold_100001	5130	AB_3033	0.252811
Meg22_810_scaffold_100001	6195	AB_3033	26.4306
WB1_scaffold_106563	3331	AB_3033	1.32663
AB_03_scaffold_100002	2873	AB_3033	0.459053
AB_1215_scaffold_100002	2338	AB_3033	5.29936
AB_3033_scaffold_100002	2194	AB_3033	6.6228
AB_69_scaffold_100002	3074	AB_3033	0.43331099999999995
Meg19_02_scaffold_100002	3036	AB_3033	0.525641
Meg19_1012_scaffold_100002	4280	AB_3033	0.139952
Meg19_46_scaffold_100002	3398	AB_3033	0.24168699999999999
Meg22_02_scaffold_100002	3316	AB_3033	0.298168
Meg22_1012_scaffold_100002	3361	AB_3033	0.175646
Meg22_1214_scaffold_100002	3824	AB_3033	0.7332609999999999
Meg22_1416_scaffold_100002	3080	AB_3033	0.273379
Meg22_1618_scaffold_106564	2021	AB_3033	2.13095
Meg22_24_scaffold_100002	3458	AB_3033	0.10640899999999999
Meg22_46_scaffold_100002	3725	AB_3033	1.33035
Meg22_810_scaffold_100002	4121	AB_3033	0.363385
WB1_scaffold_106564	3331	AB_3033	0.671801
AB_03_scaffold_100003	2873	AB_3033	0.443996
AB_1215_scaffold_100003	2338	AB_3033	1.97669
AB_3033_scaffold_100003	2194	AB_3033	6.0190800000000015
AB_69_scaffold_100003	3074	AB_3033	0.16381700000000002
Meg19_02_scaffold_100003	3036	AB_3033	0.33922399999999997
Meg19_1012_scaffold_100003	6805	AB_3033	0.871826
Meg19_46_scaffold_100003	3398	AB_3033	0.0292488
Meg22_02_scaffold_100003	3316	AB_3033	0.364182
Meg22_1012_scaffold_100003	3361	AB_3033	1.09592
Meg22_1214_scaffold_100003	6712	AB_3033	0.8101189999999999
Meg22_1416_scaffold_100003	3080	AB_3033	5.1279900000000005
Meg22_1618_scaffold_106565	3586	AB_3033	0.888242
Meg22_24_scaffold_100003	3458	AB_3033	0.188029
Meg22_46_scaffold_100003	3725	AB_3033	0.16531500000000002
Meg22_810_scaffold_100003	3638	AB_3033	0.40797
WB1_scaffold_106565	3331	AB_3033	0.202452
AB_03_scaffold_100004	2873	AB_3033	0.337863
AB_1215_scaffold_100004	2338	AB_3033	0.934644
AB_3033_scaffold_100004	2194	AB_3033	7.13258
AB_69_scaffold_100004	3296	AB_3033	0.260648
Meg19_02_scaffold_100004	3035	AB_3033	0.382322
Meg19_1012_scaffold_100004	4280	AB_3033	0.164407
Meg19_46_scaffold_100004	3398	AB_3033	0.137931
Meg22_02_scaffold_100004	3316	AB_3033	0.182565
Meg22_1012_scaffold_100004	6345	AB_3033	0.455367
Meg22_1214_scaffold_100004	3824	AB_3033	0.21829099999999999
Meg22_1416_scaffold_100004	3080	AB_3033	0.780546
Meg22_1618_scaffold_106567	3473	AB_3033	0.715919
Meg22_24_scaffold_100004	3458	AB_3033	1.17594
Meg22_46_scaffold_100004	3725	AB_3033	0.9387409999999999
Meg22_810_scaffold_100004	3638	AB_3033	0.616112
WB1_scaffold_106567	3331	AB_3033	0.586608
AB_03_scaffold_100005	2873	AB_3033	0.18251900000000001
AB_1215_scaffold_100005	2338	AB_3033	0.17458900000000002
AB_3033_scaffold_100005	2194	AB_3033	5.45059
AB_69_scaffold_100005	3074	AB_3033	0.288646
Meg19_02_scaffold_100005	3035	AB_3033	0.293241
Meg19_1012_scaffold_100005	4280	AB_3033	0.23631999999999997
Meg19_46_scaffold_100005	3398	AB_3033	0.14532
Meg22_02_scaffold_100005	3316	AB_3033	3.29406
Meg22_1012_scaffold_100005	3641	AB_3033	0.431109
Meg22_1214_scaffold_100005	3824	AB_3033	0.627109
Meg22_1416_scaffold_100005	5458	AB_3033	0.199133
Meg22_1618_scaffold_106577	2317	AB_3033	0.354407
Meg22_24_scaffold_100005	3458	AB_3033	0.25967399999999996
Meg22_46_scaffold_100005	3725	AB_3033	1.83077
Meg22_810_scaffold_100005	3638	AB_3033	1.39421
WB1_scaffold_106577	3330	AB_3033	0.482075
AB_03_scaffold_100006	2873	AB_3033	0.988983
AB_1215_scaffold_100006	2338	AB_3033	2534.13
AB_3033_scaffold_100006	2194	AB_3033	7.46478
AB_69_scaffold_100006	5927	AB_3033	0.20720100000000002
Meg19_02_scaffold_100006	3035	AB_3033	1.05511
Meg19_1012_scaffold_100006	4445	AB_3033	34.1742
Meg19_46_scaffold_100006	3398	AB_3033	0.534175
Meg22_02_scaffold_100006	3316	AB_3033	0.637713
Meg22_1012_scaffold_100006	3361	AB_3033	0.036748699999999995
Meg22_1214_scaffold_100006	3824	AB_3033	238.012
Meg22_1416_scaffold_100006	3080	AB_3033	0.21843
Meg22_1618_scaffold_106584	2625	AB_3033	0.288485
Meg22_24_scaffold_100006	3458	AB_3033	1.73489
Meg22_46_scaffold_100006	3725	AB_3033	0.48
Meg22_810_scaffold_100006	3877	AB_3033	1.71022
WB1_scaffold_106584	3330	AB_3033	1.5522
AB_03_scaffold_100007	2873	AB_3033	0.4748439999999999
AB_1215_scaffold_100007	3741	AB_3033	0.34725700000000004
AB_3033_scaffold_100007	2194	AB_3033	5.82534
AB_69_scaffold_100007	3074	AB_3033	0.9586180000000001
Meg19_02_scaffold_100007	3035	AB_3033	0.195494
Meg19_1012_scaffold_100007	4280	AB_3033	0.565133
Meg19_46_scaffold_100007	3398	AB_3033	0.135776
Meg22_02_scaffold_100007	3316	AB_3033	0.393241
Meg22_1012_scaffold_100007	3361	AB_3033	0.147929
Meg22_1214_scaffold_100007	3824	AB_3033	4.31165
Meg22_1416_scaffold_100007	5211	AB_3033	0.493183
Meg22_1618_scaffold_106596	3244	AB_3033	0.579186
Meg22_24_scaffold_100007	7556	AB_3033	0.151499
Meg22_46_scaffold_100007	3725	AB_3033	0.13230799999999998
Meg22_810_scaffold_100007	4399	AB_3033	2.12615
WB1_scaffold_106596	3330	AB_3033	0.30754699999999996
AB_03_scaffold_100008	2873	AB_3033	0.302607
AB_1215_scaffold_100008	2338	AB_3033	0.38574
AB_3033_scaffold_100008	2194	AB_3033	6.80479
AB_69_scaffold_100008	3074	AB_3033	0.278386
Meg19_02_scaffold_100008	3035	AB_3033	0.211785
Meg19_1012_scaffold_100008	4280	AB_3033	0.0561743
Meg19_46_scaffold_100008	3398	AB_3033	0.315271
Meg22_02_scaffold_100008	3316	AB_3033	0.938724
Meg22_1012_scaffold_100008	3361	AB_3033	0.786359
Meg22_1214_scaffold_100008	3824	AB_3033	0.6026130000000001
Meg22_1416_scaffold_100008	3080	AB_3033	0.28532399999999997
Meg22_1618_scaffold_106597	2169	AB_3033	0.191184
Meg22_24_scaffold_100008	3458	AB_3033	1.4510299999999998
Meg22_46_scaffold_100008	4415	AB_3033	0.09284880000000001
Meg22_810_scaffold_100008	3638	AB_3033	0.171732
WB1_scaffold_106597	3330	AB_3033	0.458805
AB_03_scaffold_100009	2873	AB_3033	0.204921
AB_1215_scaffold_100009	2589	AB_3033	0.565806
AB_3033_scaffold_100009	2194	AB_3033	12.6962
AB_69_scaffold_100009	3074	AB_3033	0.405951
Meg19_02_scaffold_100009	6349	AB_3033	0.0661397
Meg19_1012_scaffold_100009	4280	AB_3033	19.2174
Meg19_46_scaffold_100009	7014	AB_3033	0.379371
Meg22_02_scaffold_100009	3943	AB_3033	0.5826520000000001
Meg22_1012_scaffold_100009	3361	AB_3033	0.318592
Meg22_1214_scaffold_100009	3824	AB_3033	0.24441999999999997
Meg22_1416_scaffold_100009	3080	AB_3033	0.530717
Meg22_1618_scaffold_106598	2102	AB_3033	0.259734
Meg22_24_scaffold_100009	3458	AB_3033	50.2325
Meg22_46_scaffold_100009	4319	AB_3033	0.345886
Meg22_810_scaffold_100009	3638	AB_3033	1.64937
WB1_scaffold_106598	3330	AB_3033	0.298742
AB_03_scaffold_10001	8976	AB_3033	0.401994
AB_1215_scaffold_10001	7957	AB_3033	0.623159
AB_3033_scaffold_10001	35503	AB_3033	73.9373
AB_69_scaffold_10001	10787	AB_3033	0.222431
Meg19_02_scaffold_10001	15422	AB_3033	0.29622800000000005
Meg19_1012_scaffold_10001	15958	AB_3033	0.621015
Meg19_46_scaffold_10001	15763	AB_3033	0.208736
Meg22_02_scaffold_10001	9479	AB_3033	0.717333
Meg22_1012_scaffold_10001	29628	AB_3033	1.1994
Meg22_1214_scaffold_10001	18154	AB_3033	0.6318600000000001
Meg22_1416_scaffold_10001	24322	AB_3033	2.06553
Meg22_1618_scaffold_10001	10285	AB_3033	1.41934
Meg22_24_scaffold_10001	11135	AB_3033	0.249613
Meg22_46_scaffold_10001	12221	AB_3033	0.310165
Meg22_810_scaffold_10001	16582	AB_3033	0.46598100000000003
WB1_scaffold_10001	22386	AB_3033	0.688883
AB_03_scaffold_100010	2873	AB_3033	0.36136599999999997
AB_1215_scaffold_100010	3851	AB_3033	3.53148
AB_3033_scaffold_100010	2193	AB_3033	17.6672
AB_69_scaffold_100010	3074	AB_3033	0.45998599999999995
Meg19_02_scaffold_100010	3967	AB_3033	0.0657585
Meg19_1012_scaffold_100010	4280	AB_3033	1.9358400000000002
Meg19_46_scaffold_100010	5574	AB_3033	5.31619
Meg22_02_scaffold_100010	3316	AB_3033	0.148452
Meg22_1012_scaffold_100010	3624	AB_3033	0.07944730000000001
Meg22_1214_scaffold_100010	3824	AB_3033	0.23815999999999998
Meg22_1416_scaffold_100010	4592	AB_3033	1.56821
Meg22_1618_scaffold_106599	2768	AB_3033	163.566
Meg22_24_scaffold_100010	3458	AB_3033	0.193168
Meg22_46_scaffold_100010	4065	AB_3033	0.43422700000000003
Meg22_810_scaffold_100010	3638	AB_3033	0.391915
WB1_scaffold_106599	3330	AB_3033	0.511321
AB_03_scaffold_100011	2873	AB_3033	0.200514
AB_1215_scaffold_100011	2338	AB_3033	14.16
AB_3033_scaffold_100011	2193	AB_3033	9.14586
AB_69_scaffold_100011	3074	AB_3033	2.9599900000000003
Meg19_02_scaffold_100011	5314	AB_3033	0.53505
Meg19_1012_scaffold_100011	4280	AB_3033	0.49297799999999997
Meg19_46_scaffold_100011	3397	AB_3033	0.517093
Meg22_02_scaffold_100011	3316	AB_3033	0.20562199999999997
Meg22_1012_scaffold_100011	3361	AB_3033	0.10650899999999999
Meg22_1214_scaffold_100011	3824	AB_3033	98.3704
Meg22_1416_scaffold_100011	3080	AB_3033	0.303754
Meg22_1618_scaffold_106609	2565	AB_3033	0.51677
Meg22_24_scaffold_100011	3458	AB_3033	2.14541
Meg22_46_scaffold_100011	4513	AB_3033	0.152876
Meg22_810_scaffold_100011	3638	AB_3033	1.55505
WB1_scaffold_106609	3330	AB_3033	0.228931
AB_03_scaffold_100012	2873	AB_3033	0.24164499999999997
AB_1215_scaffold_100012	2338	AB_3033	2.5617
AB_3033_scaffold_100012	2733	AB_3033	13.782
AB_69_scaffold_100012	5361	AB_3033	0.263673
Meg19_02_scaffold_100012	3035	AB_3033	0.253033
Meg19_1012_scaffold_100012	4280	AB_3033	0.0375303
Meg19_46_scaffold_100012	3397	AB_3033	0.143209
Meg22_02_scaffold_100012	3316	AB_3033	0.882817
Meg22_1012_scaffold_100012	3361	AB_3033	0.46963599999999994
Meg22_1214_scaffold_100012	3823	AB_3033	1.25538
Meg22_1416_scaffold_100012	3080	AB_3033	0.35767899999999997
Meg22_1618_scaffold_106612	2217	AB_3033	0.30866
Meg22_24_scaffold_100012	6017	AB_3033	0.253281
Meg22_46_scaffold_100012	3725	AB_3033	0.0595804
Meg22_810_scaffold_100012	3638	AB_3033	0.31364699999999995
WB1_scaffold_106612	3330	AB_3033	0.6207550000000001
AB_03_scaffold_100013	2873	AB_3033	0.575835
AB_1215_scaffold_100013	2338	AB_3033	7.91362
AB_3033_scaffold_100013	4074	AB_3033	113.333
AB_69_scaffold_100013	3074	AB_3033	82.9805
Meg19_02_scaffold_100013	3035	AB_3033	0.166724
Meg19_1012_scaffold_100013	4948	AB_3033	0.17236300000000002
Meg19_46_scaffold_100013	4640	AB_3033	0.420713
Meg22_02_scaffold_100013	3316	AB_3033	0.747631
Meg22_1012_scaffold_100013	3361	AB_3033	0.853628
Meg22_1214_scaffold_100013	3823	AB_3033	0.10590799999999999
Meg22_1416_scaffold_100013	5064	AB_3033	0.20858800000000002
Meg22_1618_scaffold_106614	2845	AB_3033	0.680891
Meg22_24_scaffold_100013	3458	AB_3033	79.4816
Meg22_46_scaffold_100013	3725	AB_3033	0.35188800000000003
Meg22_810_scaffold_100013	5180	AB_3033	0.05805169999999999
WB1_scaffold_106614	3330	AB_3033	0.480818
AB_03_scaffold_100014	2873	AB_3033	0.11458
AB_1215_scaffold_100014	3368	AB_3033	0.592604
AB_3033_scaffold_100014	2193	AB_3033	19.6358
AB_69_scaffold_100014	3074	AB_3033	0.45964399999999994
Meg19_02_scaffold_100014	3035	AB_3033	0.45338
Meg19_1012_scaffold_100014	4280	AB_3033	0.16125899999999999
Meg19_46_scaffold_100014	5380	AB_3033	0.4439770000000001
Meg22_02_scaffold_100014	3316	AB_3033	0.15382200000000001
Meg22_1012_scaffold_100014	3361	AB_3033	0.030520099999999998
Meg22_1214_scaffold_100014	3823	AB_3033	1.33379
Meg22_1416_scaffold_100014	3080	AB_3033	1.8256
Meg22_1618_scaffold_106616	3082	AB_3033	1.27729
Meg22_24_scaffold_100014	3458	AB_3033	1.04565
Meg22_46_scaffold_100014	3725	AB_3033	0.298462
Meg22_810_scaffold_100014	3637	AB_3033	0.4536850000000001
WB1_scaffold_106616	3330	AB_3033	1.7437099999999999
AB_03_scaffold_100015	5027	AB_3033	0.399836
AB_1215_scaffold_100015	2338	AB_3033	4.09324
AB_3033_scaffold_100015	2193	AB_3033	6.7988300000000015
AB_69_scaffold_100015	3074	AB_3033	0.140219
Meg19_02_scaffold_100015	3035	AB_3033	0.160139
Meg19_1012_scaffold_100015	8084	AB_3033	0.392866
Meg19_46_scaffold_100015	3397	AB_3033	0.0320296
Meg22_02_scaffold_100015	4407	AB_3033	0.42894099999999996
Meg22_1012_scaffold_100015	3361	AB_3033	0.7022729999999999
Meg22_1214_scaffold_100015	4511	AB_3033	0.364137
Meg22_1416_scaffold_100015	4771	AB_3033	0.549665
Meg22_1618_scaffold_106624	2707	AB_3033	0.075088
Meg22_24_scaffold_100015	3458	AB_3033	0.12998800000000002
Meg22_46_scaffold_100015	3725	AB_3033	0.226294
Meg22_810_scaffold_100015	3637	AB_3033	0.308288
WB1_scaffold_106624	5576	AB_3033	0.573719
AB_03_scaffold_100016	2873	AB_3033	1.05141
AB_1215_scaffold_100016	2338	AB_3033	0.322212
AB_3033_scaffold_100016	2193	AB_3033	6.988739999999999
AB_69_scaffold_100016	3074	AB_3033	0.444938
Meg19_02_scaffold_100016	3035	AB_3033	0.324437
Meg19_1012_scaffold_100016	4280	AB_3033	2.9544799999999998
Meg19_46_scaffold_100016	3397	AB_3033	1.3812799999999998
Meg22_02_scaffold_100016	3316	AB_3033	0.433039
Meg22_1012_scaffold_100016	3361	AB_3033	4.98785
Meg22_1214_scaffold_100016	3823	AB_3033	0.20609899999999998
Meg22_1416_scaffold_100016	3080	AB_3033	0.11911300000000001
Meg22_1618_scaffold_106626	2535	AB_3033	1.01845
Meg22_24_scaffold_100016	3458	AB_3033	0.291112
Meg22_46_scaffold_100016	3725	AB_3033	0.958601
Meg22_810_scaffold_100016	3637	AB_3033	0.290794
WB1_scaffold_106626	3329	AB_3033	0.8534129999999999
AB_03_scaffold_100017	2873	AB_3033	0.41388199999999997
AB_1215_scaffold_100017	2338	AB_3033	0.411792
AB_3033_scaffold_100017	3072	AB_3033	20.5797
AB_69_scaffold_100017	3074	AB_3033	0.294118
Meg19_02_scaffold_100017	3035	AB_3033	0.27695
Meg19_1012_scaffold_100017	4280	AB_3033	0.241162
Meg19_46_scaffold_100017	3397	AB_3033	0.09516480000000001
Meg22_02_scaffold_100017	3316	AB_3033	0.173405
Meg22_1012_scaffold_100017	3361	AB_3033	0.14606
Meg22_1214_scaffold_100017	3823	AB_3033	0.0683365
Meg22_1416_scaffold_100017	3080	AB_3033	0.322184
Meg22_1618_scaffold_106636	3183	AB_3033	0.5783050000000001
Meg22_24_scaffold_100017	3611	AB_3033	0.404796
Meg22_46_scaffold_100017	3725	AB_3033	0.194126
Meg22_810_scaffold_100017	3637	AB_3033	0.20705500000000002
WB1_scaffold_106636	3329	AB_3033	2.49166
AB_03_scaffold_100018	2873	AB_3033	0.293794
AB_1215_scaffold_100018	2940	AB_3033	0.38709699999999997
AB_3033_scaffold_100018	2193	AB_3033	7.42927
AB_69_scaffold_100018	3074	AB_3033	0.270862
Meg19_02_scaffold_100018	3035	AB_3033	0.11161199999999999
Meg19_1012_scaffold_100018	4280	AB_3033	0.31816
Meg19_46_scaffold_100018	4988	AB_3033	0.24969
Meg22_02_scaffold_100018	3735	AB_3033	0.317155
Meg22_1012_scaffold_100018	3361	AB_3033	0.424167
Meg22_1214_scaffold_100018	3823	AB_3033	0.196025
Meg22_1416_scaffold_100018	3080	AB_3033	0.291126
Meg22_1618_scaffold_106637	3015	AB_3033	300.27
Meg22_24_scaffold_100018	3458	AB_3033	0.27781100000000003
Meg22_46_scaffold_100018	3911	AB_3033	0.407073
Meg22_810_scaffold_100018	3637	AB_3033	0.679667
WB1_scaffold_106637	3329	AB_3033	0.33564
AB_03_scaffold_100019	2873	AB_3033	0.263313
AB_1215_scaffold_100019	2338	AB_3033	0.436015
AB_3033_scaffold_100019	2193	AB_3033	73.0651
AB_69_scaffold_100019	3074	AB_3033	0.338235
Meg19_02_scaffold_100019	3035	AB_3033	0.186828
Meg19_1012_scaffold_100019	4280	AB_3033	0.157143
Meg19_46_scaffold_100019	3397	AB_3033	0.176779
Meg22_02_scaffold_100019	4106	AB_3033	0.763397
Meg22_1012_scaffold_100019	3361	AB_3033	0.09529739999999999
Meg22_1214_scaffold_100019	3823	AB_3033	0.223795
Meg22_1416_scaffold_100019	3080	AB_3033	0.895904
Meg22_1618_scaffold_106640	2761	AB_3033	0.302566
Meg22_24_scaffold_100019	3458	AB_3033	2.03386
Meg22_46_scaffold_100019	3725	AB_3033	0.11664300000000001
Meg22_810_scaffold_100019	3637	AB_3033	0.263264
WB1_scaffold_106640	3329	AB_3033	0.189053
AB_03_scaffold_10002	8976	AB_3033	0.718106
AB_1215_scaffold_10002	14393	AB_3033	1.46633
AB_3033_scaffold_10002	11343	AB_3033	11.3402
AB_69_scaffold_10002	10787	AB_3033	0.65855
Meg19_02_scaffold_10002	9221	AB_3033	1.41561
Meg19_1012_scaffold_10002	20708	AB_3033	0.273859
Meg19_46_scaffold_10002	13487	AB_3033	0.19764600000000002
Meg22_02_scaffold_10002	15394	AB_3033	3.8819199999999996
Meg22_1012_scaffold_10002	18054	AB_3033	0.1875
Meg22_1214_scaffold_10002	31498	AB_3033	1.16438
Meg22_1416_scaffold_10002	10641	AB_3033	2.33019
Meg22_1618_scaffold_10002	10285	AB_3033	0.42200299999999996
Meg22_24_scaffold_10002	9718	AB_3033	0.273725
Meg22_46_scaffold_10002	12220	AB_3033	0.70116
Meg22_810_scaffold_10002	29323	AB_3033	0.5603130000000001
WB1_scaffold_10002	20096	AB_3033	0.520656
AB_03_scaffold_100020	2873	AB_3033	0.31803200000000004
AB_1215_scaffold_100020	2338	AB_3033	0.0886654
AB_3033_scaffold_100020	2193	AB_3033	10.4097
AB_69_scaffold_100020	3074	AB_3033	13.7852
Meg19_02_scaffold_100020	3035	AB_3033	0.40312
Meg19_1012_scaffold_100020	5032	AB_3033	0.290455
Meg19_46_scaffold_100020	3570	AB_3033	0.19386
Meg22_02_scaffold_100020	3316	AB_3033	0.527479
Meg22_1012_scaffold_100020	6023	AB_3033	0.47079899999999997
Meg22_1214_scaffold_100020	3823	AB_3033	4.0991
Meg22_1416_scaffold_100020	3080	AB_3033	0.24744000000000002
Meg22_1618_scaffold_106658	2091	AB_3033	3.3400300000000005
Meg22_24_scaffold_100020	3458	AB_3033	0.506953
Meg22_46_scaffold_100020	3725	AB_3033	3.57734
Meg22_810_scaffold_100020	3637	AB_3033	0.104101
WB1_scaffold_106658	3329	AB_3033	0.371815
AB_03_scaffold_100021	2873	AB_3033	2.83805
AB_1215_scaffold_100021	2338	AB_3033	0.15676400000000001
AB_3033_scaffold_100021	2193	AB_3033	47.8874
AB_69_scaffold_100021	3074	AB_3033	0.402873
Meg19_02_scaffold_100021	3035	AB_3033	0.38960100000000003
Meg19_1012_scaffold_100021	4280	AB_3033	1.09128
Meg19_46_scaffold_100021	3397	AB_3033	0.17339100000000002
Meg22_02_scaffold_100021	3316	AB_3033	0.287429
Meg22_1012_scaffold_100021	3361	AB_3033	43.8019
Meg22_1214_scaffold_100021	4185	AB_3033	0.223048
Meg22_1416_scaffold_100021	3080	AB_3033	0.24470999999999998
Meg22_1618_scaffold_106675	4947	AB_3033	2.5030200000000002
Meg22_24_scaffold_100021	3458	AB_3033	3.26602
Meg22_46_scaffold_100021	3725	AB_3033	0.176783
Meg22_810_scaffold_100021	3637	AB_3033	1.0846
WB1_scaffold_106675	3328	AB_3033	0.813719
AB_03_scaffold_100022	2873	AB_3033	0.41278000000000004
AB_1215_scaffold_100022	4125	AB_3033	1.17987
AB_3033_scaffold_100022	2193	AB_3033	9.163
AB_69_scaffold_100022	3074	AB_3033	0.458276
Meg19_02_scaffold_100022	3035	AB_3033	0.311612
Meg19_1012_scaffold_100022	4512	AB_3033	1.00757
Meg19_46_scaffold_100022	3397	AB_3033	0.9128430000000001
Meg22_02_scaffold_100022	3316	AB_3033	0.406823
Meg22_1012_scaffold_100022	3361	AB_3033	1.1009
Meg22_1214_scaffold_100022	3823	AB_3033	0.16226500000000002
Meg22_1416_scaffold_100022	3080	AB_3033	0.25256
Meg22_1618_scaffold_106684	2335	AB_3033	0.161098
Meg22_24_scaffold_100022	3457	AB_3033	0.498337
Meg22_46_scaffold_100022	3725	AB_3033	0.9337059999999999
Meg22_810_scaffold_100022	3637	AB_3033	0.16403800000000002
WB1_scaffold_106684	5452	AB_3033	0.534327
AB_03_scaffold_100023	2873	AB_3033	0.247521
AB_1215_scaffold_100023	2338	AB_3033	0.132998
AB_3033_scaffold_100023	2193	AB_3033	22.0005
AB_69_scaffold_100023	3074	AB_3033	0.132011
Meg19_02_scaffold_100023	3035	AB_3033	0.09844019999999999
Meg19_1012_scaffold_100023	4280	AB_3033	0.716949
Meg19_46_scaffold_100023	5449	AB_3033	0.363842
Meg22_02_scaffold_100023	3316	AB_3033	0.892925
Meg22_1012_scaffold_100023	3360	AB_3033	1.45202
Meg22_1214_scaffold_100023	4933	AB_3033	0.318628
Meg22_1416_scaffold_100023	3080	AB_3033	0.7590439999999999
Meg22_1618_scaffold_106686	2573	AB_3033	0.202229
Meg22_24_scaffold_100023	3457	AB_3033	2.31751
Meg22_46_scaffold_100023	3725	AB_3033	68.8822
Meg22_810_scaffold_100023	3637	AB_3033	0.388873
WB1_scaffold_106686	3328	AB_3033	0.370988
AB_03_scaffold_100024	3668	AB_3033	0.254406
AB_1215_scaffold_100024	2338	AB_3033	114.969
AB_3033_scaffold_100024	2193	AB_3033	31.511999999999997
AB_69_scaffold_100024	4520	AB_3033	0.37803200000000003
Meg19_02_scaffold_100024	3035	AB_3033	0.17088399999999998
Meg19_1012_scaffold_100024	4280	AB_3033	0.0937046
Meg19_46_scaffold_100024	5359	AB_3033	1.95085
Meg22_02_scaffold_100024	3316	AB_3033	0.5334810000000001
Meg22_1012_scaffold_100024	3360	AB_3033	0.31838
Meg22_1214_scaffold_100024	4089	AB_3033	8.08429
Meg22_1416_scaffold_100024	3361	AB_3033	0.293367
Meg22_1618_scaffold_106691	3086	AB_3033	0.23024499999999998
Meg22_24_scaffold_100024	3457	AB_3033	0.170547
Meg22_46_scaffold_100024	3725	AB_3033	0.193287
Meg22_810_scaffold_100024	3637	AB_3033	0.8611989999999999
WB1_scaffold_106691	3328	AB_3033	5.44179
AB_03_scaffold_100025	5262	AB_3033	0.434859
AB_1215_scaffold_100025	2338	AB_3033	51.0951
AB_3033_scaffold_100025	2193	AB_3033	5.12726
AB_69_scaffold_100025	4611	AB_3033	63.8778
Meg19_02_scaffold_100025	3035	AB_3033	0.094974
Meg19_1012_scaffold_100025	4280	AB_3033	0.653753
Meg19_46_scaffold_100025	3397	AB_3033	0.139821
Meg22_02_scaffold_100025	5243	AB_3033	0.25800100000000004
Meg22_1012_scaffold_100025	3360	AB_3033	0.276636
Meg22_1214_scaffold_100025	3823	AB_3033	0.24857100000000001
Meg22_1416_scaffold_100025	3080	AB_3033	0.794198
Meg22_1618_scaffold_106699	3375	AB_3033	1.56341
Meg22_24_scaffold_100025	4612	AB_3033	2.53855
Meg22_46_scaffold_100025	3725	AB_3033	0.228252
Meg22_810_scaffold_100025	3637	AB_3033	0.498996
WB1_scaffold_106699	4708	AB_3033	1.27512
AB_03_scaffold_100026	2873	AB_3033	0.273963
AB_1215_scaffold_100026	2338	AB_3033	0.397623
AB_3033_scaffold_100026	2193	AB_3033	6.16544
AB_69_scaffold_100026	3074	AB_3033	0.316689
Meg19_02_scaffold_100026	3035	AB_3033	0.509185
Meg19_1012_scaffold_100026	4280	AB_3033	0.681114
Meg19_46_scaffold_100026	3397	AB_3033	0.145057
Meg22_02_scaffold_100026	3316	AB_3033	0.955464
Meg22_1012_scaffold_100026	3559	AB_3033	0.346436
Meg22_1214_scaffold_100026	3823	AB_3033	0.502042
Meg22_1416_scaffold_100026	3080	AB_3033	0.294881
Meg22_1618_scaffold_106726	2917	AB_3033	0.79906
Meg22_24_scaffold_100026	6426	AB_3033	20.4383
Meg22_46_scaffold_100026	3725	AB_3033	0.325035
Meg22_810_scaffold_100026	3637	AB_3033	0.47834799999999994
WB1_scaffold_106726	3327	AB_3033	0.676739
AB_03_scaffold_100027	2873	AB_3033	0.14763099999999998
AB_1215_scaffold_100027	2840	AB_3033	0.296283
AB_3033_scaffold_100027	2193	AB_3033	84.6975
AB_69_scaffold_100027	3074	AB_3033	0.35841300000000004
Meg19_02_scaffold_100027	3035	AB_3033	0.280763
Meg19_1012_scaffold_100027	8081	AB_3033	0.193923
Meg19_46_scaffold_100027	3397	AB_3033	1.0954700000000002
Meg22_02_scaffold_100027	3316	AB_3033	0.21162399999999998
Meg22_1012_scaffold_100027	3360	AB_3033	0.492835
Meg22_1214_scaffold_100027	5484	AB_3033	0.24540700000000001
Meg22_1416_scaffold_100027	3080	AB_3033	0.524573
Meg22_1618_scaffold_106751	2169	AB_3033	0.623081
Meg22_24_scaffold_100027	3457	AB_3033	0.162685
Meg22_46_scaffold_100027	5396	AB_3033	0.209302
Meg22_810_scaffold_100027	3637	AB_3033	0.161744
WB1_scaffold_106751	3327	AB_3033	0.512748
AB_03_scaffold_100028	2873	AB_3033	0.720162
AB_1215_scaffold_100028	2338	AB_3033	0.540219
AB_3033_scaffold_100028	2193	AB_3033	12.8571
AB_69_scaffold_100028	3074	AB_3033	0.8731190000000001
Meg19_02_scaffold_100028	4533	AB_3033	0.315765
Meg19_1012_scaffold_100028	4280	AB_3033	0.292978
Meg19_46_scaffold_100028	4030	AB_3033	0.0989691
Meg22_02_scaffold_100028	3316	AB_3033	0.0985471
Meg22_1012_scaffold_100028	3360	AB_3033	0.27352
Meg22_1214_scaffold_100028	3823	AB_3033	0.29594299999999996
Meg22_1416_scaffold_100028	3080	AB_3033	7.766889999999999
Meg22_1618_scaffold_106752	2416	AB_3033	0.32259499999999997
Meg22_24_scaffold_100028	7100	AB_3033	0.5271939999999999
Meg22_46_scaffold_100028	3725	AB_3033	0.946573
Meg22_810_scaffold_100028	3637	AB_3033	18.3258
WB1_scaffold_106752	3327	AB_3033	0.866226
AB_03_scaffold_100029	2873	AB_3033	0.653691
AB_1215_scaffold_100029	2338	AB_3033	2.98355
AB_3033_scaffold_100029	2193	AB_3033	20.7763
AB_69_scaffold_100029	3074	AB_3033	0.572503
Meg19_02_scaffold_100029	3035	AB_3033	0.20935900000000002
Meg19_1012_scaffold_100029	4624	AB_3033	13.5816
Meg19_46_scaffold_100029	3644	AB_3033	0.257871
Meg22_02_scaffold_100029	3316	AB_3033	0.351548
Meg22_1012_scaffold_100029	3360	AB_3033	8.39813
Meg22_1214_scaffold_100029	3823	AB_3033	0.4318
Meg22_1416_scaffold_100029	3080	AB_3033	0.548805
Meg22_1618_scaffold_106755	2670	AB_3033	0.451587
Meg22_24_scaffold_100029	4512	AB_3033	0.305823
Meg22_46_scaffold_100029	4051	AB_3033	0.540374
Meg22_810_scaffold_100029	3637	AB_3033	0.786349
WB1_scaffold_106755	3326	AB_3033	0.211272
AB_03_scaffold_10003	10456	AB_3033	0.3798760000000001
AB_1215_scaffold_10003	9695	AB_3033	1.31765
AB_3033_scaffold_10003	11343	AB_3033	11.529000000000002
AB_69_scaffold_10003	11081	AB_3033	1.26576
Meg19_02_scaffold_10003	14805	AB_3033	0.15673800000000002
Meg19_1012_scaffold_10003	15954	AB_3033	0.243419
Meg19_46_scaffold_10003	11711	AB_3033	0.323761
Meg22_02_scaffold_10003	9478	AB_3033	0.6753859999999999
Meg22_1012_scaffold_10003	32255	AB_3033	0.682604
Meg22_1214_scaffold_10003	19747	AB_3033	0.271827
Meg22_1416_scaffold_10003	10640	AB_3033	0.359199
Meg22_1618_scaffold_10003	10285	AB_3033	9.26591
Meg22_24_scaffold_10003	13713	AB_3033	0.393571
Meg22_46_scaffold_10003	12220	AB_3033	0.226429
Meg22_810_scaffold_10003	16578	AB_3033	0.232104
WB1_scaffold_10003	20028	AB_3033	0.484908
AB_03_scaffold_100030	2873	AB_3033	0.244216
AB_1215_scaffold_100030	2338	AB_3033	0.15950599999999998
AB_3033_scaffold_100030	2193	AB_3033	675.4780000000002
AB_69_scaffold_100030	4416	AB_3033	0.473746
Meg19_02_scaffold_100030	3035	AB_3033	0.211092
Meg19_1012_scaffold_100030	4280	AB_3033	0.0842615
Meg19_46_scaffold_100030	3397	AB_3033	0.352941
Meg22_02_scaffold_100030	3881	AB_3033	0.23479
Meg22_1012_scaffold_100030	3638	AB_3033	1.1789
Meg22_1214_scaffold_100030	3823	AB_3033	0.197114
Meg22_1416_scaffold_100030	3080	AB_3033	1.51229
Meg22_1618_scaffold_106758	2136	AB_3033	0.393756
Meg22_24_scaffold_100030	5686	AB_3033	0.730672
Meg22_46_scaffold_100030	3725	AB_3033	0.206434
Meg22_810_scaffold_100030	3950	AB_3033	0.331579
WB1_scaffold_106758	3326	AB_3033	0.661209
AB_03_scaffold_100031	2873	AB_3033	0.254499
AB_1215_scaffold_100031	2338	AB_3033	0.579068
AB_3033_scaffold_100031	2193	AB_3033	14.5786
AB_69_scaffold_100031	3074	AB_3033	0.46408999999999995
Meg19_02_scaffold_100031	3035	AB_3033	0.14419400000000002
Meg19_1012_scaffold_100031	4280	AB_3033	1.8109
Meg19_46_scaffold_100031	4668	AB_3033	0.373838
Meg22_02_scaffold_100031	4218	AB_3033	0.47369700000000003
Meg22_1012_scaffold_100031	3360	AB_3033	0.23831799999999997
Meg22_1214_scaffold_100031	3823	AB_3033	0.209366
Meg22_1416_scaffold_100031	3080	AB_3033	0.357338
Meg22_1618_scaffold_106762	2955	AB_3033	0.44278100000000004
Meg22_24_scaffold_100031	3457	AB_3033	0.41941300000000004
Meg22_46_scaffold_100031	3725	AB_3033	1.5228
Meg22_810_scaffold_100031	3637	AB_3033	0.8316600000000001
WB1_scaffold_106762	3326	AB_3033	0.36649899999999996
AB_03_scaffold_100032	2873	AB_3033	0.8185819999999999
AB_1215_scaffold_100032	2338	AB_3033	0.547075
AB_3033_scaffold_100032	2193	AB_3033	16.2589
AB_69_scaffold_100032	3074	AB_3033	0.0967852
Meg19_02_scaffold_100032	3035	AB_3033	0.354593
Meg19_1012_scaffold_100032	4618	AB_3033	1.2509
Meg19_46_scaffold_100032	5220	AB_3033	0.278304
Meg22_02_scaffold_100032	3316	AB_3033	0.294694
Meg22_1012_scaffold_100032	3360	AB_3033	1.29439
Meg22_1214_scaffold_100032	3823	AB_3033	0.228696
Meg22_1416_scaffold_100032	3080	AB_3033	26.5638
Meg22_1618_scaffold_106768	3305	AB_3033	92.5797
Meg22_24_scaffold_100032	3457	AB_3033	0.243423
Meg22_46_scaffold_100032	3725	AB_3033	0.908811
Meg22_810_scaffold_100032	3637	AB_3033	0.279323
WB1_scaffold_106768	3326	AB_3033	1.5472299999999999
AB_03_scaffold_100033	2873	AB_3033	0.5706939999999999
AB_1215_scaffold_100033	2338	AB_3033	0.39168200000000003
AB_3033_scaffold_100033	2193	AB_3033	6.42438
AB_69_scaffold_100033	3074	AB_3033	0.25342
Meg19_02_scaffold_100033	3035	AB_3033	0.09982669999999999
Meg19_1012_scaffold_100033	4280	AB_3033	0.475545
Meg19_46_scaffold_100033	3397	AB_3033	0.144441
Meg22_02_scaffold_100033	3689	AB_3033	0.134501
Meg22_1012_scaffold_100033	3360	AB_3033	0.1081
Meg22_1214_scaffold_100033	5863	AB_3033	0.26781
Meg22_1416_scaffold_100033	3080	AB_3033	11.4222
Meg22_1618_scaffold_106786	4918	AB_3033	0.533347
Meg22_24_scaffold_100033	3457	AB_3033	0.260357
Meg22_46_scaffold_100033	3725	AB_3033	0.118322
Meg22_810_scaffold_100033	3637	AB_3033	0.359335
WB1_scaffold_106786	3326	AB_3033	2.00189
AB_03_scaffold_100034	2873	AB_3033	0.363937
AB_1215_scaffold_100034	2338	AB_3033	0.398537
AB_3033_scaffold_100034	2193	AB_3033	7.72785
AB_69_scaffold_100034	3073	AB_3033	0.878549
Meg19_02_scaffold_100034	3035	AB_3033	0.232582
Meg19_1012_scaffold_100034	4280	AB_3033	1.23245
Meg19_46_scaffold_100034	3397	AB_3033	0.552818
Meg22_02_scaffold_100034	3316	AB_3033	0.912508
Meg22_1012_scaffold_100034	3360	AB_3033	0.133956
Meg22_1214_scaffold_100034	3823	AB_3033	0.331609
Meg22_1416_scaffold_100034	3080	AB_3033	0.34266199999999997
Meg22_1618_scaffold_106793	2410	AB_3033	0.631858
Meg22_24_scaffold_100034	3457	AB_3033	0.173874
Meg22_46_scaffold_100034	7124	AB_3033	0.226556
Meg22_810_scaffold_100034	3637	AB_3033	0.192716
WB1_scaffold_106793	3326	AB_3033	0.806045
AB_03_scaffold_100035	2873	AB_3033	1.8711
AB_1215_scaffold_100035	2338	AB_3033	1.13163
AB_3033_scaffold_100035	2193	AB_3033	9.78561
AB_69_scaffold_100035	3073	AB_3033	0.339719
Meg19_02_scaffold_100035	3035	AB_3033	0.808666
Meg19_1012_scaffold_100035	4280	AB_3033	0.169249
Meg19_46_scaffold_100035	3397	AB_3033	0.292578
Meg22_02_scaffold_100035	3315	AB_3033	0.0685624
Meg22_1012_scaffold_100035	4463	AB_3033	0.524461
Meg22_1214_scaffold_100035	3823	AB_3033	0.294582
Meg22_1416_scaffold_100035	3748	AB_3033	0.9836020000000001
Meg22_1618_scaffold_106795	2442	AB_3033	2.22295
Meg22_24_scaffold_100035	3457	AB_3033	0.42153
Meg22_46_scaffold_100035	3941	AB_3033	0.384331
Meg22_810_scaffold_100035	3637	AB_3033	0.362489
WB1_scaffold_106795	4991	AB_3033	0.31790999999999997
AB_03_scaffold_100036	2873	AB_3033	0.532868
AB_1215_scaffold_100036	2338	AB_3033	7.71846
AB_3033_scaffold_100036	2722	AB_3033	15.7858
AB_69_scaffold_100036	3073	AB_3033	0.10674000000000004
Meg19_02_scaffold_100036	3035	AB_3033	0.401386
Meg19_1012_scaffold_100036	4280	AB_3033	0.5300239999999999
Meg19_46_scaffold_100036	3753	AB_3033	1.30835
Meg22_02_scaffold_100036	3559	AB_3033	0.349956
Meg22_1012_scaffold_100036	3360	AB_3033	0.353583
Meg22_1214_scaffold_100036	3823	AB_3033	0.562755
Meg22_1416_scaffold_100036	3080	AB_3033	1.5744
Meg22_1618_scaffold_106800	2284	AB_3033	0.0726335
Meg22_24_scaffold_100036	3457	AB_3033	0.137889
Meg22_46_scaffold_100036	3725	AB_3033	0.47300699999999996
Meg22_810_scaffold_100036	3637	AB_3033	4.35131
WB1_scaffold_106800	3326	AB_3033	0.515113
AB_03_scaffold_100037	2873	AB_3033	0.280206
AB_1215_scaffold_100037	2338	AB_3033	9.30073
AB_3033_scaffold_100037	2193	AB_3033	7.51003
AB_69_scaffold_100037	3073	AB_3033	0.191242
Meg19_02_scaffold_100037	3035	AB_3033	0.08908150000000001
Meg19_1012_scaffold_100037	4280	AB_3033	0.812107
Meg19_46_scaffold_100037	3397	AB_3033	0.769634
Meg22_02_scaffold_100037	3315	AB_3033	0.31153200000000003
Meg22_1012_scaffold_100037	3360	AB_3033	0.13053
Meg22_1214_scaffold_100037	3823	AB_3033	19.8102
Meg22_1416_scaffold_100037	3080	AB_3033	1.8802
Meg22_1618_scaffold_106805	4488	AB_3033	0.304518
Meg22_24_scaffold_100037	3457	AB_3033	1.95555
Meg22_46_scaffold_100037	3725	AB_3033	0.0755245
Meg22_810_scaffold_100037	3637	AB_3033	0.05620880000000001
WB1_scaffold_106805	4234	AB_3033	0.961557
AB_03_scaffold_100038	2873	AB_3033	0.21887600000000001
AB_1215_scaffold_100038	2337	AB_3033	1.3639700000000001
AB_3033_scaffold_100038	2193	AB_3033	60.6407
AB_69_scaffold_100038	3073	AB_3033	0.47348599999999996
Meg19_02_scaffold_100038	3035	AB_3033	0.16395099999999999
Meg19_1012_scaffold_100038	4280	AB_3033	0.8506049999999999
Meg19_46_scaffold_100038	5856	AB_3033	0.322818
Meg22_02_scaffold_100038	3315	AB_3033	0.834123
Meg22_1012_scaffold_100038	3360	AB_3033	0.548287
Meg22_1214_scaffold_100038	6469	AB_3033	0.578573
Meg22_1416_scaffold_100038	6119	AB_3033	3.1429
Meg22_1618_scaffold_106809	2845	AB_3033	1.19518
Meg22_24_scaffold_100038	3457	AB_3033	0.398851
Meg22_46_scaffold_100038	3725	AB_3033	0.47300699999999996
Meg22_810_scaffold_100038	3637	AB_3033	0.135073
WB1_scaffold_106809	3325	AB_3033	0.331024
AB_03_scaffold_100039	3670	AB_3033	0.222727
AB_1215_scaffold_100039	2337	AB_3033	0.26749
AB_3033_scaffold_100039	2193	AB_3033	22.9501
AB_69_scaffold_100039	3073	AB_3033	1.5272
Meg19_02_scaffold_100039	3035	AB_3033	0.126863
Meg19_1012_scaffold_100039	4280	AB_3033	0.158111
Meg19_46_scaffold_100039	10953	AB_3033	0.454966
Meg22_02_scaffold_100039	3315	AB_3033	1.00916
Meg22_1012_scaffold_100039	3360	AB_3033	0.44299099999999997
Meg22_1214_scaffold_100039	3823	AB_3033	6.10618
Meg22_1416_scaffold_100039	3080	AB_3033	0.576451
Meg22_1618_scaffold_106813	2688	AB_3033	0.8577620000000001
Meg22_24_scaffold_100039	3457	AB_3033	0.127003
Meg22_46_scaffold_100039	4464	AB_3033	0.10454300000000001
Meg22_810_scaffold_100039	3637	AB_3033	0.238887
WB1_scaffold_106813	3325	AB_3033	0.955276
AB_03_scaffold_10004	8975	AB_3033	0.242606
AB_1215_scaffold_10004	13440	AB_3033	0.964259
AB_3033_scaffold_10004	11343	AB_3033	7.301439999999999
AB_69_scaffold_10004	10784	AB_3033	0.7527739999999999
Meg19_02_scaffold_10004	9503	AB_3033	0.23789200000000002
Meg19_1012_scaffold_10004	15954	AB_3033	0.282903
Meg19_46_scaffold_10004	10970	AB_3033	0.177542
Meg22_02_scaffold_10004	9477	AB_3033	1.40688
Meg22_1012_scaffold_10004	16602	AB_3033	0.212315
Meg22_1214_scaffold_10004	18153	AB_3033	0.652502
Meg22_1416_scaffold_10004	10640	AB_3033	0.18398499999999998
Meg22_1618_scaffold_10004	11346	AB_3033	0.373973
Meg22_24_scaffold_10004	9717	AB_3033	0.33427399999999996
Meg22_46_scaffold_10004	18791	AB_3033	0.560431
Meg22_810_scaffold_10004	25370	AB_3033	0.200793
WB1_scaffold_10004	13714	AB_3033	0.582719
AB_03_scaffold_100040	2873	AB_3033	0.23980900000000002
AB_1215_scaffold_100040	2337	AB_3033	0.258345
AB_3033_scaffold_100040	2193	AB_3033	304.242
AB_69_scaffold_100040	3416	AB_3033	0.290876
Meg19_02_scaffold_100040	3035	AB_3033	0.210052
Meg19_1012_scaffold_100040	7958	AB_3033	0.659068
Meg19_46_scaffold_100040	3397	AB_3033	0.690484
Meg22_02_scaffold_100040	3315	AB_3033	0.24644499999999997
Meg22_1012_scaffold_100040	3360	AB_3033	0.250467
Meg22_1214_scaffold_100040	6029	AB_3033	0.145093
Meg22_1416_scaffold_100040	3080	AB_3033	0.404096
Meg22_1618_scaffold_106824	2279	AB_3033	0.34429299999999996
Meg22_24_scaffold_100040	4058	AB_3033	0.45496400000000004
Meg22_46_scaffold_100040	3724	AB_3033	11.2736
Meg22_810_scaffold_100040	3637	AB_3033	0.17866400000000002
WB1_scaffold_106824	3325	AB_3033	0.670551
AB_03_scaffold_100041	3369	AB_3033	1.8676599999999999
AB_1215_scaffold_100041	2806	AB_3033	0.42883999999999994
AB_3033_scaffold_100041	2193	AB_3033	5.64905
AB_69_scaffold_100041	3073	AB_3033	0.531303
Meg19_02_scaffold_100041	3035	AB_3033	3.00624
Meg19_1012_scaffold_100041	4280	AB_3033	0.0774818
Meg19_46_scaffold_100041	3397	AB_3033	0.25100100000000003
Meg22_02_scaffold_100041	3315	AB_3033	0.53049
Meg22_1012_scaffold_100041	4016	AB_3033	0.18054800000000001
Meg22_1214_scaffold_100041	3823	AB_3033	0.158726
Meg22_1416_scaffold_100041	3532	AB_3033	1.5115299999999998
Meg22_1618_scaffold_106828	3796	AB_3033	1.35107
Meg22_24_scaffold_100041	3457	AB_3033	0.4405810000000001
Meg22_46_scaffold_100041	3724	AB_3033	0.124231
Meg22_810_scaffold_100041	3637	AB_3033	0.407514
WB1_scaffold_106828	3325	AB_3033	1.41606
AB_03_scaffold_100042	2873	AB_3033	0.15240499999999998
AB_1215_scaffold_100042	4455	AB_3033	0.946341
AB_3033_scaffold_100042	5874	AB_3033	66.3574
AB_69_scaffold_100042	3073	AB_3033	1.0715
Meg19_02_scaffold_100042	3115	AB_3033	0.179427
Meg19_1012_scaffold_100042	4280	AB_3033	0.231719
Meg19_46_scaffold_100042	3397	AB_3033	1.21035
Meg22_02_scaffold_100042	3315	AB_3033	0.561453
Meg22_1012_scaffold_100042	3360	AB_3033	0.376947
Meg22_1214_scaffold_100042	3823	AB_3033	0.101824
Meg22_1416_scaffold_100042	3795	AB_3033	0.357202
Meg22_1618_scaffold_106831	2268	AB_3033	0.65628
Meg22_24_scaffold_100042	3457	AB_3033	0.581494
Meg22_46_scaffold_100042	3724	AB_3033	0.300224
Meg22_810_scaffold_100042	4327	AB_3033	0.654537
WB1_scaffold_106831	3325	AB_3033	0.870236
AB_03_scaffold_100043	2872	AB_3033	0.35231399999999996
AB_1215_scaffold_100043	2337	AB_3033	0.373114
AB_3033_scaffold_100043	2193	AB_3033	8.0186
AB_69_scaffold_100043	3073	AB_3033	1.40575
Meg19_02_scaffold_100043	3035	AB_3033	0.280763
Meg19_1012_scaffold_100043	4735	AB_3033	1.98888
Meg19_46_scaffold_100043	6918	AB_3033	0.11642999999999999
Meg22_02_scaffold_100043	3315	AB_3033	0.426224
Meg22_1012_scaffold_100043	3360	AB_3033	0.500312
Meg22_1214_scaffold_100043	6979	AB_3033	0.44223199999999996
Meg22_1416_scaffold_100043	3080	AB_3033	0.390102
Meg22_1618_scaffold_106833	2081	AB_3033	0.267737
Meg22_24_scaffold_100043	3457	AB_3033	0.163895
Meg22_46_scaffold_100043	3724	AB_3033	0.41969799999999996
Meg22_810_scaffold_100043	3637	AB_3033	0.11413800000000004
WB1_scaffold_106833	3325	AB_3033	0.55685
AB_03_scaffold_100044	2872	AB_3033	0.161278
AB_1215_scaffold_100044	2337	AB_3033	94.4234
AB_3033_scaffold_100044	2193	AB_3033	14.8194
AB_69_scaffold_100044	3073	AB_3033	0.468012
Meg19_02_scaffold_100044	3035	AB_3033	0.296707
Meg19_1012_scaffold_100044	6974	AB_3033	0.48329399999999995
Meg19_46_scaffold_100044	3397	AB_3033	0.319988
Meg22_02_scaffold_100044	3315	AB_3033	0.51248
Meg22_1012_scaffold_100044	3360	AB_3033	0.302181
Meg22_1214_scaffold_100044	4306	AB_3033	0.408325
Meg22_1416_scaffold_100044	3080	AB_3033	0.274744
Meg22_1618_scaffold_106844	2672	AB_3033	0.912768
Meg22_24_scaffold_100044	3457	AB_3033	0.965528
Meg22_46_scaffold_100044	3724	AB_3033	8.75042
Meg22_810_scaffold_100044	3637	AB_3033	0.7573850000000001
WB1_scaffold_106844	3325	AB_3033	0.456063
AB_03_scaffold_100045	2872	AB_3033	0.542616
AB_1215_scaffold_100045	3694	AB_3033	0.286964
AB_3033_scaffold_100045	2193	AB_3033	8.77435
AB_69_scaffold_100045	3073	AB_3033	78.1416
Meg19_02_scaffold_100045	3035	AB_3033	0.351473
Meg19_1012_scaffold_100045	4279	AB_3033	0.513926
Meg19_46_scaffold_100045	3397	AB_3033	0.26547600000000005
Meg22_02_scaffold_100045	5078	AB_3033	1.7203700000000002
Meg22_1012_scaffold_100045	4770	AB_3033	0.21948099999999998
Meg22_1214_scaffold_100045	3822	AB_3033	0.39106799999999997
Meg22_1416_scaffold_100045	3080	AB_3033	0.25256
Meg22_1618_scaffold_106851	3032	AB_3033	2.195
Meg22_24_scaffold_100045	3457	AB_3033	0.44027799999999995
Meg22_46_scaffold_100045	3938	AB_3033	0.428458
Meg22_810_scaffold_100045	3637	AB_3033	15.9447
WB1_scaffold_106851	4435	AB_3033	0.94119
AB_03_scaffold_100046	2872	AB_3033	0.135562
AB_1215_scaffold_100046	2337	AB_3033	0.473708
AB_3033_scaffold_100046	2623	AB_3033	51.7347
AB_69_scaffold_100046	3073	AB_3033	0.817995
Meg19_02_scaffold_100046	3035	AB_3033	0.117851
Meg19_1012_scaffold_100046	4279	AB_3033	25.7888
Meg19_46_scaffold_100046	3397	AB_3033	1.5457299999999998
Meg22_02_scaffold_100046	3315	AB_3033	0.602212
Meg22_1012_scaffold_100046	3360	AB_3033	0.64704
Meg22_1214_scaffold_100046	9475	AB_3033	0.197641
Meg22_1416_scaffold_100046	3080	AB_3033	0.753925
Meg22_1618_scaffold_106861	3321	AB_3033	0.6209399999999999
Meg22_24_scaffold_100046	3457	AB_3033	1.10674
Meg22_46_scaffold_100046	4740	AB_3033	0.275599
Meg22_810_scaffold_100046	3637	AB_3033	373.57599999999996
WB1_scaffold_106861	3324	AB_3033	0.717391
AB_03_scaffold_100047	2872	AB_3033	0.5705359999999999
AB_1215_scaffold_100047	2337	AB_3033	0.235025
AB_3033_scaffold_100047	2193	AB_3033	10.8184
AB_69_scaffold_100047	3073	AB_3033	0.32877199999999995
Meg19_02_scaffold_100047	3035	AB_3033	0.361179
Meg19_1012_scaffold_100047	4279	AB_3033	0.0523129
Meg19_46_scaffold_100047	3397	AB_3033	0.15429600000000002
Meg22_02_scaffold_100047	5378	AB_3033	0.43974799999999997
Meg22_1012_scaffold_100047	3887	AB_3033	0.085095
Meg22_1214_scaffold_100047	3822	AB_3033	0.46459700000000004
Meg22_1416_scaffold_100047	3080	AB_3033	0.47884
Meg22_1618_scaffold_106864	2812	AB_3033	0.33095399999999997
Meg22_24_scaffold_100047	3457	AB_3033	0.062292099999999996
Meg22_46_scaffold_100047	3724	AB_3033	0.511472
Meg22_810_scaffold_100047	3637	AB_3033	0.460855
WB1_scaffold_106864	3324	AB_3033	0.587587
AB_03_scaffold_100048	2981	AB_3033	0.8364540000000001
AB_1215_scaffold_100048	2337	AB_3033	0.21856399999999998
AB_3033_scaffold_100048	2193	AB_3033	22.5781
AB_69_scaffold_100048	3073	AB_3033	0.37153600000000003
Meg19_02_scaffold_100048	5818	AB_3033	0.253176
Meg19_1012_scaffold_100048	4279	AB_3033	0.145071
Meg19_46_scaffold_100048	3397	AB_3033	0.944256
Meg22_02_scaffold_100048	3315	AB_3033	1.23728
Meg22_1012_scaffold_100048	3360	AB_3033	0.7510899999999999
Meg22_1214_scaffold_100048	3822	AB_3033	0.619553
Meg22_1416_scaffold_100048	3080	AB_3033	2.28737
Meg22_1618_scaffold_106877	2599	AB_3033	0.14740699999999998
Meg22_24_scaffold_100048	3457	AB_3033	11.15
Meg22_46_scaffold_100048	3724	AB_3033	0.370173
Meg22_810_scaffold_100048	3637	AB_3033	0.885575
WB1_scaffold_106877	3324	AB_3033	0.769061
AB_03_scaffold_100049	2872	AB_3033	0.240999
AB_1215_scaffold_100049	2337	AB_3033	3.80018
AB_3033_scaffold_100049	2891	AB_3033	92.2711
AB_69_scaffold_100049	4054	AB_3033	0.721055
Meg19_02_scaffold_100049	3035	AB_3033	0.29878699999999997
Meg19_1012_scaffold_100049	4279	AB_3033	0.528699
Meg19_46_scaffold_100049	3397	AB_3033	0.197105
Meg22_02_scaffold_100049	4137	AB_3033	0.38149
Meg22_1012_scaffold_100049	3360	AB_3033	0.14641700000000002
Meg22_1214_scaffold_100049	3822	AB_3033	0.619553
Meg22_1416_scaffold_100049	3197	AB_3033	0.25369200000000003
Meg22_1618_scaffold_106879	2698	AB_3033	17.6538
Meg22_24_scaffold_100049	4632	AB_3033	0.289603
Meg22_46_scaffold_100049	4129	AB_3033	0.146771
Meg22_810_scaffold_100049	3758	AB_3033	9.48864
WB1_scaffold_106879	3324	AB_3033	1.0453700000000001
AB_03_scaffold_10005	10679	AB_3033	0.25444
AB_1215_scaffold_10005	7955	AB_3033	2.64151
AB_3033_scaffold_10005	11342	AB_3033	10.2766
AB_69_scaffold_10005	10784	AB_3033	3.04439
Meg19_02_scaffold_10005	9220	AB_3033	0.17960299999999998
Meg19_1012_scaffold_10005	22453	AB_3033	0.2601
Meg19_46_scaffold_10005	10970	AB_3033	0.378281
Meg22_02_scaffold_10005	13523	AB_3033	14.6031
Meg22_1012_scaffold_10005	16600	AB_3033	0.395805
Meg22_1214_scaffold_10005	19868	AB_3033	0.206867
Meg22_1416_scaffold_10005	10839	AB_3033	0.9332020000000001
Meg22_1618_scaffold_10005	12574	AB_3033	14.8054
Meg22_24_scaffold_10005	9717	AB_3033	0.28713299999999997
Meg22_46_scaffold_10005	12218	AB_3033	0.33758699999999997
Meg22_810_scaffold_10005	17028	AB_3033	0.986669
WB1_scaffold_10005	13714	AB_3033	0.6167060000000001
AB_03_scaffold_100050	2872	AB_3033	2.21896
AB_1215_scaffold_100050	3844	AB_3033	0.15917699999999999
AB_3033_scaffold_100050	2193	AB_3033	10.9834
AB_69_scaffold_100050	3073	AB_3033	0.555251
Meg19_02_scaffold_100050	3035	AB_3033	0.200347
Meg19_1012_scaffold_100050	4279	AB_3033	0.46403500000000003
Meg19_46_scaffold_100050	3397	AB_3033	2.39575
Meg22_02_scaffold_100050	3315	AB_3033	0.170932
Meg22_1012_scaffold_100050	3360	AB_3033	0.380062
Meg22_1214_scaffold_100050	3822	AB_3033	0.238017
Meg22_1416_scaffold_100050	3080	AB_3033	0.206826
Meg22_1618_scaffold_106882	3047	AB_3033	0.537798
Meg22_24_scaffold_100050	3457	AB_3033	0.2912
Meg22_46_scaffold_100050	3724	AB_3033	0.477336
Meg22_810_scaffold_100050	3637	AB_3033	4.8981900000000005
WB1_scaffold_106882	5647	AB_3033	0.311625
AB_03_scaffold_100051	2872	AB_3033	0.257164
AB_1215_scaffold_100051	2337	AB_3033	0.141747
AB_3033_scaffold_100051	2193	AB_3033	6.66373
AB_69_scaffold_100051	3073	AB_3033	1.63599
Meg19_02_scaffold_100051	3035	AB_3033	0.054072800000000004
Meg19_1012_scaffold_100051	4279	AB_3033	0.16517300000000001
Meg19_46_scaffold_100051	3397	AB_3033	0.709886
